{
  "status": "success",
  "data": {
    "activeTargets": [
      {
        "discoveredLabels": {
          "__address__": "127.0.0.1:3000",
          "__metrics_path__": "/metrics",
          "__scheme__": "http",
          "__scrape_interval__": "10s",
          "__scrape_timeout__": "9s",
          "instance": "pmm-server",
          "job": "grafana"
        },
        "labels": {
          "instance": "pmm-server",
          "job": "grafana"
        },
        "scrapePool": "grafana",
        "scrapeUrl": "http://127.0.0.1:3000/metrics",
        "lastError": "",
        "lastScrape": "2022-07-26T07:31:14.54Z",
        "lastScrapeDuration": 0.013,
        "lastSamplesScraped": 318,
        "health": "up"
      },
      {
        "discoveredLabels": {
          "__address__": "127.0.0.1:42000",
          "__metrics_path__": "/metrics",
          "__param_collect[]": "bonding",
          "__scheme__": "http",
          "__scrape_interval__": "1m0s",
          "__scrape_timeout__": "54s",
          "agent_id": "/agent_id/5b96ea79-ee43-405d-9964-7e30e03088f3",
          "agent_type": "node_exporter",
          "instance": "/agent_id/5b96ea79-ee43-405d-9964-7e30e03088f3",
          "job": "node_exporter_agent_id_5b96ea79-ee43-405d-9964-7e30e03088f3_lr",
          "node_id": "pmm-server",
          "node_name": "pmm-server",
          "node_type": "generic"
        },
        "labels": {
          "agent_id": "/agent_id/5b96ea79-ee43-405d-9964-7e30e03088f3",
          "agent_type": "node_exporter",
          "instance": "/agent_id/5b96ea79-ee43-405d-9964-7e30e03088f3",
          "job": "node_exporter_agent_id_5b96ea79-ee43-405d-9964-7e30e03088f3_lr",
          "node_id": "pmm-server",
          "node_name": "pmm-server",
          "node_type": "generic"
        },
        "scrapePool": "node_exporter_agent_id_5b96ea79-ee43-405d-9964-7e30e03088f3_lr",
        "scrapeUrl": "http://127.0.0.1:42000/metrics?collect%5B%5D=bonding&collect%5B%5D=entropy&collect%5B%5D=textfile.lr&collect%5B%5D=uname",
        "lastError": "",
        "lastScrape": "2022-07-26T07:30:46.224Z",
        "lastScrapeDuration": 0.003,
        "lastSamplesScraped": 16,
        "health": "up"
      },
      {
        "discoveredLabels": {
          "__address__": "127.0.0.1:42000",
          "__metrics_path__": "/metrics",
          "__param_collect[]": "buddyinfo",
          "__scheme__": "http",
          "__scrape_interval__": "5s",
          "__scrape_timeout__": "4.5s",
          "agent_id": "/agent_id/5b96ea79-ee43-405d-9964-7e30e03088f3",
          "agent_type": "node_exporter",
          "instance": "/agent_id/5b96ea79-ee43-405d-9964-7e30e03088f3",
          "job": "node_exporter_agent_id_5b96ea79-ee43-405d-9964-7e30e03088f3_hr",
          "node_id": "pmm-server",
          "node_name": "pmm-server",
          "node_type": "generic"
        },
        "labels": {
          "agent_id": "/agent_id/5b96ea79-ee43-405d-9964-7e30e03088f3",
          "agent_type": "node_exporter",
          "instance": "/agent_id/5b96ea79-ee43-405d-9964-7e30e03088f3",
          "job": "node_exporter_agent_id_5b96ea79-ee43-405d-9964-7e30e03088f3_hr",
          "node_id": "pmm-server",
          "node_name": "pmm-server",
          "node_type": "generic"
        },
        "scrapePool": "node_exporter_agent_id_5b96ea79-ee43-405d-9964-7e30e03088f3_hr",
        "scrapeUrl": "http://127.0.0.1:42000/metrics?collect%5B%5D=buddyinfo&collect%5B%5D=cpu&collect%5B%5D=diskstats&collect%5B%5D=filefd&collect%5B%5D=filesystem&collect%5B%5D=loadavg&collect%5B%5D=meminfo&collect%5B%5D=meminfo_numa&collect%5B%5D=netdev&collect%5B%5D=netstat&collect%5B%5D=processes&collect%5B%5D=standard.go&collect%5B%5D=standard.process&collect%5B%5D=stat&collect%5B%5D=textfile.hr&collect%5B%5D=time&collect%5B%5D=vmstat",
        "lastError": "",
        "lastScrape": "2022-07-26T07:31:22.525Z",
        "lastScrapeDuration": 0.021,
        "lastSamplesScraped": 775,
        "health": "up"
      },
      {
        "discoveredLabels": {
          "__address__": "127.0.0.1:42000",
          "__metrics_path__": "/metrics",
          "__param_collect[]": "hwmon",
          "__scheme__": "http",
          "__scrape_interval__": "10s",
          "__scrape_timeout__": "9s",
          "agent_id": "/agent_id/5b96ea79-ee43-405d-9964-7e30e03088f3",
          "agent_type": "node_exporter",
          "instance": "/agent_id/5b96ea79-ee43-405d-9964-7e30e03088f3",
          "job": "node_exporter_agent_id_5b96ea79-ee43-405d-9964-7e30e03088f3_mr",
          "node_id": "pmm-server",
          "node_name": "pmm-server",
          "node_type": "generic"
        },
        "labels": {
          "agent_id": "/agent_id/5b96ea79-ee43-405d-9964-7e30e03088f3",
          "agent_type": "node_exporter",
          "instance": "/agent_id/5b96ea79-ee43-405d-9964-7e30e03088f3",
          "job": "node_exporter_agent_id_5b96ea79-ee43-405d-9964-7e30e03088f3_mr",
          "node_id": "pmm-server",
          "node_name": "pmm-server",
          "node_type": "generic"
        },
        "scrapePool": "node_exporter_agent_id_5b96ea79-ee43-405d-9964-7e30e03088f3_mr",
        "scrapeUrl": "http://127.0.0.1:42000/metrics?collect%5B%5D=hwmon&collect%5B%5D=textfile.mr",
        "lastError": "",
        "lastScrape": "2022-07-26T07:31:23.145Z",
        "lastScrapeDuration": 0.003,
        "lastSamplesScraped": 9,
        "health": "up"
      },
      {
        "discoveredLabels": {
          "__address__": "127.0.0.1:42001",
          "__metrics_path__": "/metrics",
          "__param_collect[]": "custom_query.hr",
          "__scheme__": "http",
          "__scrape_interval__": "5s",
          "__scrape_timeout__": "4.5s",
          "agent_id": "/agent_id/6f0c773d-97bb-4e60-8e58-1270e001bde9",
          "agent_type": "postgres_exporter",
          "instance": "/agent_id/6f0c773d-97bb-4e60-8e58-1270e001bde9",
          "job": "postgres_exporter_agent_id_6f0c773d-97bb-4e60-8e58-1270e001bde9_hr",
          "node_id": "pmm-server",
          "node_name": "pmm-server",
          "node_type": "generic",
          "service_id": "/service_id/00f04af8-9b76-48f2-858a-4f8f895c2b52",
          "service_name": "pmm-server-postgresql",
          "service_type": "postgresql"
        },
        "labels": {
          "agent_id": "/agent_id/6f0c773d-97bb-4e60-8e58-1270e001bde9",
          "agent_type": "postgres_exporter",
          "instance": "/agent_id/6f0c773d-97bb-4e60-8e58-1270e001bde9",
          "job": "postgres_exporter_agent_id_6f0c773d-97bb-4e60-8e58-1270e001bde9_hr",
          "node_id": "pmm-server",
          "node_name": "pmm-server",
          "node_type": "generic",
          "service_id": "/service_id/00f04af8-9b76-48f2-858a-4f8f895c2b52",
          "service_name": "pmm-server-postgresql",
          "service_type": "postgresql"
        },
        "scrapePool": "postgres_exporter_agent_id_6f0c773d-97bb-4e60-8e58-1270e001bde9_hr",
        "scrapeUrl": "http://127.0.0.1:42001/metrics?collect%5B%5D=custom_query.hr&collect%5B%5D=exporter&collect%5B%5D=standard.go&collect%5B%5D=standard.process",
        "lastError": "",
        "lastScrape": "2022-07-26T07:31:19.92Z",
        "lastScrapeDuration": 0.217,
        "lastSamplesScraped": 493,
        "health": "up"
      },
      {
        "discoveredLabels": {
          "__address__": "127.0.0.1:42001",
          "__metrics_path__": "/metrics",
          "__param_collect[]": "custom_query.lr",
          "__scheme__": "http",
          "__scrape_interval__": "1m0s",
          "__scrape_timeout__": "54s",
          "agent_id": "/agent_id/6f0c773d-97bb-4e60-8e58-1270e001bde9",
          "agent_type": "postgres_exporter",
          "instance": "/agent_id/6f0c773d-97bb-4e60-8e58-1270e001bde9",
          "job": "postgres_exporter_agent_id_6f0c773d-97bb-4e60-8e58-1270e001bde9_lr",
          "node_id": "pmm-server",
          "node_name": "pmm-server",
          "node_type": "generic",
          "service_id": "/service_id/00f04af8-9b76-48f2-858a-4f8f895c2b52",
          "service_name": "pmm-server-postgresql",
          "service_type": "postgresql"
        },
        "labels": {
          "agent_id": "/agent_id/6f0c773d-97bb-4e60-8e58-1270e001bde9",
          "agent_type": "postgres_exporter",
          "instance": "/agent_id/6f0c773d-97bb-4e60-8e58-1270e001bde9",
          "job": "postgres_exporter_agent_id_6f0c773d-97bb-4e60-8e58-1270e001bde9_lr",
          "node_id": "pmm-server",
          "node_name": "pmm-server",
          "node_type": "generic",
          "service_id": "/service_id/00f04af8-9b76-48f2-858a-4f8f895c2b52",
          "service_name": "pmm-server-postgresql",
          "service_type": "postgresql"
        },
        "scrapePool": "postgres_exporter_agent_id_6f0c773d-97bb-4e60-8e58-1270e001bde9_lr",
        "scrapeUrl": "http://127.0.0.1:42001/metrics?collect%5B%5D=custom_query.lr",
        "lastError": "",
        "lastScrape": "2022-07-26T07:31:15.352Z",
        "lastScrapeDuration": 0.049,
        "lastSamplesScraped": 5,
        "health": "up"
      },
      {
        "discoveredLabels": {
          "__address__": "127.0.0.1:42001",
          "__metrics_path__": "/metrics",
          "__param_collect[]": "custom_query.mr",
          "__scheme__": "http",
          "__scrape_interval__": "10s",
          "__scrape_timeout__": "9s",
          "agent_id": "/agent_id/6f0c773d-97bb-4e60-8e58-1270e001bde9",
          "agent_type": "postgres_exporter",
          "instance": "/agent_id/6f0c773d-97bb-4e60-8e58-1270e001bde9",
          "job": "postgres_exporter_agent_id_6f0c773d-97bb-4e60-8e58-1270e001bde9_mr",
          "node_id": "pmm-server",
          "node_name": "pmm-server",
          "node_type": "generic",
          "service_id": "/service_id/00f04af8-9b76-48f2-858a-4f8f895c2b52",
          "service_name": "pmm-server-postgresql",
          "service_type": "postgresql"
        },
        "labels": {
          "agent_id": "/agent_id/6f0c773d-97bb-4e60-8e58-1270e001bde9",
          "agent_type": "postgres_exporter",
          "instance": "/agent_id/6f0c773d-97bb-4e60-8e58-1270e001bde9",
          "job": "postgres_exporter_agent_id_6f0c773d-97bb-4e60-8e58-1270e001bde9_mr",
          "node_id": "pmm-server",
          "node_name": "pmm-server",
          "node_type": "generic",
          "service_id": "/service_id/00f04af8-9b76-48f2-858a-4f8f895c2b52",
          "service_name": "pmm-server-postgresql",
          "service_type": "postgresql"
        },
        "scrapePool": "postgres_exporter_agent_id_6f0c773d-97bb-4e60-8e58-1270e001bde9_mr",
        "scrapeUrl": "http://127.0.0.1:42001/metrics?collect%5B%5D=custom_query.mr",
        "lastError": "",
        "lastScrape": "2022-07-26T07:31:17.668Z",
        "lastScrapeDuration": 0.148,
        "lastSamplesScraped": 526,
        "health": "up"
      },
      {
        "discoveredLabels": {
          "__address__": "127.0.0.1:7773",
          "__metrics_path__": "/debug/metrics",
          "__scheme__": "http",
          "__scrape_interval__": "10s",
          "__scrape_timeout__": "9s",
          "instance": "pmm-server",
          "job": "pmm-managed"
        },
        "labels": {
          "instance": "pmm-server",
          "job": "pmm-managed"
        },
        "scrapePool": "pmm-managed",
        "scrapeUrl": "http://127.0.0.1:7773/debug/metrics",
        "lastError": "",
        "lastScrape": "2022-07-26T07:31:17.438Z",
        "lastScrapeDuration": 0.023,
        "lastSamplesScraped": 3202,
        "health": "up"
      },
      {
        "discoveredLabels": {
          "__address__": "127.0.0.1:8880",
          "__metrics_path__": "/metrics",
          "__scheme__": "http",
          "__scrape_interval__": "5s",
          "__scrape_timeout__": "4.5s",
          "instance": "pmm-server",
          "job": "vmalert"
        },
        "labels": {
          "instance": "pmm-server",
          "job": "vmalert"
        },
        "scrapePool": "vmalert",
        "scrapeUrl": "http://127.0.0.1:8880/metrics",
        "lastError": "",
        "lastScrape": "2022-07-26T07:31:19.701Z",
        "lastScrapeDuration": 0.004,
        "lastSamplesScraped": 332,
        "health": "up"
      },
      {
        "discoveredLabels": {
          "__address__": "127.0.0.1:9090",
          "__metrics_path__": "/prometheus/metrics",
          "__scheme__": "http",
          "__scrape_interval__": "5s",
          "__scrape_timeout__": "4.5s",
          "instance": "pmm-server",
          "job": "victoriametrics"
        },
        "labels": {
          "instance": "pmm-server",
          "job": "victoriametrics"
        },
        "scrapePool": "victoriametrics",
        "scrapeUrl": "http://127.0.0.1:9090/prometheus/metrics",
        "lastError": "",
        "lastScrape": "2022-07-26T07:31:22.203Z",
        "lastScrapeDuration": 0.006,
        "lastSamplesScraped": 1392,
        "health": "up"
      },
      {
        "discoveredLabels": {
          "__address__": "127.0.0.1:9093",
          "__metrics_path__": "/alertmanager/metrics",
          "__scheme__": "http",
          "__scrape_interval__": "10s",
          "__scrape_timeout__": "9s",
          "instance": "pmm-server",
          "job": "alertmanager"
        },
        "labels": {
          "instance": "pmm-server",
          "job": "alertmanager"
        },
        "scrapePool": "alertmanager",
        "scrapeUrl": "http://127.0.0.1:9093/alertmanager/metrics",
        "lastError": "",
        "lastScrape": "2022-07-26T07:31:16.953Z",
        "lastScrapeDuration": 0.007,
        "lastSamplesScraped": 261,
        "health": "up"
      },
      {
        "discoveredLabels": {
          "__address__": "127.0.0.1:9933",
          "__metrics_path__": "/debug/metrics",
          "__scheme__": "http",
          "__scrape_interval__": "10s",
          "__scrape_timeout__": "9s",
          "instance": "pmm-server",
          "job": "qan-api2"
        },
        "labels": {
          "instance": "pmm-server",
          "job": "qan-api2"
        },
        "scrapePool": "qan-api2",
        "scrapeUrl": "http://127.0.0.1:9933/debug/metrics",
        "lastError": "",
        "lastScrape": "2022-07-26T07:31:23.268Z",
        "lastScrapeDuration": 0.003,
        "lastSamplesScraped": 294,
        "health": "up"
      }
    ],
    "droppedTargets": []
  }
}