{
  "agent_id": "pmm-server",
  "runs_on_node_id": "pmm-server",
  "node_name": "pmm-server",
  "agents_info": [
    {
      "agent_id": "0c2b391e-cf92-4809-956e-d83890afb685",
      "agent_type": "AGENT_TYPE_POSTGRES_EXPORTER",
      "status": "AGENT_STATUS_RUNNING",
      "listen_port": 42000,
      "process_exec_path": "/usr/local/percona/pmm/exporters/postgres_exporter"
    },
    {
      "agent_id": "31feb1b0-e661-4d94-9a6b-f0197aa9ce5f",
      "agent_type": "AGENT_TYPE_QAN_POSTGRESQL_PGSTATEMENTS_AGENT",
      "status": "AGENT_STATUS_RUNNING"
    },
    {
      "agent_id": "f60a34ec-bdfd-4422-a229-9592b3ba8ba2",
      "agent_type": "AGENT_TYPE_NODE_EXPORTER",
      "status": "AGENT_STATUS_RUNNING",
      "listen_port": 42004,
      "process_exec_path": "/usr/local/percona/pmm/exporters/node_exporter"
    }
  ],
  "config_filepath": "/usr/local/percona/pmm/config/pmm-agent.yaml",
  "agent_version": "3.0.0-alpha",
  "connection_uptime": 100,
  "server_info": {
    "url": "https://127.0.0.1:8443/",
    "insecure_tls": true,
    "connected": true,
    "version": "3.0.0-alpha",
    "latency": "0.000692604s",
    "clock_drift": "0.000091271s"
  }
}
