{
  "agent_id": "/agent_id/a6435450-882e-42f3-89ac-5d447d7e113a",
  "runs_on_node_id": "/node_id/dcb51e53-b117-4213-ba0e-5654f0a8fbc5",
  "agents_info": [
    {
      "agent_id": "/agent_id/22912c16-90e3-4574-9d32-3edc2c9110f1",
      "agent_type": "VM_AGENT",
      "status": "RUNNING",
      "listen_port": 42000,
      "process_exec_path": "/Users/dmytro.liakhov/go/bin/vmagent"
    },
    {
      "agent_id": "/agent_id/ffd0b909-b4fc-4d9b-a840-acc29a065391",
      "agent_type": "NODE_EXPORTER",
      "status": "WAITING",
      "listen_port": 42001,
      "process_exec_path": "/Users/dmytro.liakhov/go/bin/node_exporter"
    }
  ],
  "config_filepath": "/Users/dmytro.liakhov/go/src/percona/pmm/agent/pmm-agent-dev.yaml",
  "agent_version": "2.28.0-1040-g3de394ad-dirty",
  "connection_uptime": 100,
  "server_info": {
    "url": "https://admin:admin@127.0.0.1:443/",
    "insecure_tls": true,
    "connected": true,
    "version": "2.30.0",
    "latency": "0.000993456s",
    "clock_drift": "0.020701644s"
  }
}
