{
  "agent_id": "pmm-server",
  "runs_on_node_id": "pmm-server",
  "agents_info": [
    {
      "agent_id": "/agent_id/5b96ea79-ee43-405d-9964-7e30e03088f3",
      "agent_type": "NODE_EXPORTER",
      "status": "RUNNING",
      "listen_port": 42000,
      "process_exec_path": "/usr/local/percona/pmm2/exporters/node_exporter"
    },
    {
      "agent_id": "/agent_id/6f0c773d-97bb-4e60-8e58-1270e001bde9",
      "agent_type": "POSTGRES_EXPORTER",
      "status": "RUNNING",
      "listen_port": 42001,
      "process_exec_path": "/usr/local/percona/pmm2/exporters/postgres_exporter"
    },
    {
      "agent_id": "/agent_id/85f50738-38a4-409b-b26c-528b79763fb1",
      "agent_type": "QAN_POSTGRESQL_PGSTATEMENTS_AGENT",
      "status": "RUNNING"
    }
  ],
  "config_filepath": "/usr/local/percona/pmm2/config/pmm-agent.yaml",
  "agent_version": "2.30.0",
  "server_info": {
    "url": "https://127.0.0.1:443/",
    "insecure_tls": true,
    "connected": true,
    "version": "2.30.0",
    "latency": "0.002883750s",
    "clock_drift": "0.001685750s"
  }
}
